"mat1","mat2","abbr1","abbr2","mean","median","t_pval","significance","contrast"
"1","dlfq","LFQ","A","B","0.00836897668017609","0.00373383758302104","1.66836003190565e-130","****","dlfq-LFQ"
"2","dlfq","top0","A","C","0.0235980005525764","0.0159721918491831","0","****","dlfq-top0"
"3","dlfq","top3","A","D","0.0276639581137391","0.021634189537868","0","****","dlfq-top3"
"4","LFQ","top0","B","C","0.0152290238724003","0.00354018802400902","0","****","LFQ-top0"
"5","LFQ","top3","B","D","0.019294981433563","0.00545723510655194","0","****","LFQ-top3"
"6","top0","top3","C","D","0.00406595756116266","0.00117021011460994","1.27836567908438e-134","****","top0-top3"
