"mat1","mat2","abbr1","abbr2","mean","median","t_pval","significance","contrast"
"1","dlfq","LFQ","A","B","0.0152600748295124","0.0124685408081581","2.26638474294047e-301","****","dlfq-LFQ"
"2","dlfq","top0","A","C","0.0137172338004138","0.012824060572134","1.40243933186651e-283","****","dlfq-top0"
"3","dlfq","top3","A","D","0.018851821260295","0.017525193849493","0","****","dlfq-top3"
"4","LFQ","top0","B","C","-0.00154284102909853","0","9.86890997736566e-05","****","LFQ-top0"
"5","LFQ","top3","B","D","0.00359174643078261","0.00205734098467003","5.62874520630699e-21","****","LFQ-top3"
"6","top0","top3","C","D","0.00513458745988114","0.00255702170161809","7.88695098303612e-173","****","top0-top3"
