"mat1","mat2","abbr1","abbr2","mean","median","t_pval","significance","contrast"
"1","dlfq","LFQ","A","B","0.0207988617767052","0.00952705538982607","0","****","dlfq-LFQ"
"2","dlfq","top0","A","C","0.0193394950879327","0.014790621903543","0","****","dlfq-top0"
"3","dlfq","top3","A","D","0.0138201703195635","0.010795340533803","0","****","dlfq-top3"
"4","LFQ","top0","B","C","-0.00145936668877249","0","0.000751058346912879","***","LFQ-top0"
"5","LFQ","top3","B","D","-0.00697869145714167","-0.000796240354196009","1.49139143366394e-66","****","LFQ-top3"
"6","top0","top3","C","D","-0.00551932476836918","-0.00280723547398198","9.04753276550439e-156","****","top0-top3"
