"mat1","mat2","abbr1","abbr2","mean","median","t_pval","significance","contrast"
"1","dlfq","LFQ","A","B","0.0253865065575271","0.016101650249478","0","****","dlfq-LFQ"
"2","dlfq","top0","A","C","0.0154593626159074","0.013094653080621","0","****","dlfq-top0"
"3","dlfq","top3","A","D","0.011502971877177","0.0101987160654879","6.7310064592668e-245","****","dlfq-top3"
"4","LFQ","top0","B","C","-0.00992714394161971","-0.00678693711165101","2.6181873357657e-115","****","LFQ-top0"
"5","LFQ","top3","B","D","-0.0138835346803501","-0.00802745490551893","8.72023238363572e-251","****","LFQ-top3"
"6","top0","top3","C","D","-0.00395639073873034","-0.00197607161594304","1.54152745745408e-83","****","top0-top3"
